win_rate,ai_parity,reg_growth,deal_size,competitor_present,integration_progress,escalation
0.299816047538945,0.829264685607898,0.04256646441930982,2.6961741644047805,1,0.7620151376850425,1
0.5302857225639664,0.7644385465376482,0.22095047368917908,2.4570631745457483,1,0.7116222357237741,1
0.44279757672456205,0.6738110465145312,0.38647291793820415,0.5779296618260434,0,0.5588231611644586,0
0.38946339367881466,0.8755180078827794,0.3161124432047806,1.752223644232393,1,0.8648377148895465,0
0.2124074561769746,0.8238924690215517,0.3532805739307249,1.9350540946964156,1,0.26037961242272223,1
0.21239780813448106,0.6150467757379565,0.2793916833553587,2.026596542593998,0,0.18741136824769714,1
0.1732334448672798,0.9143708737975369,0.29613828225892624,3.1037331645958117,1,0.7831695735643378,1
0.4964704583099741,0.8790148971692676,0.37459782578265965,2.7881513130586066,0,0.45131985330699864,0
0.3904460046972835,0.9299199653167696,0.07483400442959297,3.308754074824459,1,0.7775750833656484,0
0.4332290311184182,0.8402878033553439,0.19471248182157025,4.843019386360643,1,0.814472164156332,1
0.15823379771832097,0.7953660783743159,0.06060472090980111,5.529711204455494,1,0.14996607489525715,1
0.5379639408647977,0.7172972145162475,0.4438340039983235,4.298854231494173,1,0.8067718103888486,0
0.4829770563201687,0.9230913933416053,0.42202966984330664,9.838396175012615,0,0.4586552442955378,0
0.23493564427131047,0.8964255558001634,-0.030286594315747054,0.5552025337481001,1,0.5083459912033857,1
0.22272998688284024,0.5680874680424758,0.30278758625784424,1.153639732137539,1,0.6012740088745683,1
0.22336180394137353,0.5605467897989008,0.4126241587078329,0.5227748555942471,1,0.8411060853840695,1
0.27169689718381507,0.7005853467512199,0.04028767256366676,3.627898779223255,1,0.11529287554381124,1
0.35990257265289516,0.8742213323127331,0.23397261527631474,7.3492460301994305,0,0.4814747746542537,0
0.3227780074568463,0.9449104517259778,0.40774414879402093,1.3370880328333206,1,0.6501776339444486,0
0.26649165607921677,0.6101667564414113,-0.03302701070710058,8.353307498671157,0,0.6781655661585828,1
0.3947411578889518,0.787652286140854,0.29871013362341997,0.6864797058161619,0,0.6540259452296864,0
0.20579754426081673,0.7023563426524086,0.09867450368627538,8.674186769000354,1,0.2075481035264975,1
0.26685785941408724,0.9379657591258412,0.4121980976882652,1.7998474379196152,0,0.33951647069734503,0
0.29654473731747666,0.8868475692542834,0.4355291225826839,0.8208213841758105,1,0.3869724203336108,0
0.33242799368681436,0.8853314818844551,0.42213324455671697,2.495847646698235,1,0.743549766143604,0
0.46407038455720545,0.7374772639179881,0.1871071083287319,1.3902756892345156,1,0.3230078979316424,1
0.2298695128633439,0.715927800935066,0.3810213254946567,1.5058849777749859,0,0.26856397109376257,1
0.35569377536544466,0.6593628287722825,0.3722746992675352,1.6014313614838358,0,0.865958415230477,0
0.386965827544817,0.5725501986603709,0.10955023662162781,5.3740490598962705,1,0.10709062809077513,1
0.16858016508799908,0.8958889505020212,0.3644577370753387,2.8241214144147815,0,0.8982566845455826,0
0.39301794076057534,0.875160403652031,-0.03149618264225369,1.6188820872603575,1,0.6414570390859166,0
0.2182096494749166,0.9498870693144522,0.24813493924102653,3.327394282863537,1,0.7627754395592937,1
0.1760206371941118,0.9486547348295621,0.06500441864385152,4.277935173944304,1,0.33569551707695455,1
0.5295542149013334,0.772172682241051,0.010283442888639402,1.454935226624138,0,0.11145222213364799,0
0.5362528132298238,0.8575949660722042,-0.011523399185395425,2.100999001877306,0,0.6902956148492241,0
0.47335893924658445,0.9279062919529711,0.2981443879390699,0.8899368785642017,1,0.7673156776005406,0
0.2718455076693483,0.8898589562709646,0.11993748188403307,1.099560703166416,1,0.6923809055628154,0
0.18906884560255355,0.648939240697279,0.31238338576438074,3.9288010778785107,1,0.21428022984067088,1
0.42369321060486276,0.7302176541240374,-0.017321829600528818,1.1006196844509417,1,0.7027423378055753,1
0.3260609974958405,0.601663766060598,0.10764516891530516,2.7343534991963,1,0.7151382256861128,1
0.19881529393791153,0.9316204109034889,0.21974564618766862,4.203772998319057,0,0.6268324125360439,0
0.3480707640445081,0.7924698537803521,0.3453615824194818,0.8390926505614114,1,0.712892746236469,1
0.16375540844608735,0.6414571222013851,0.10937625146603495,3.0132166177044404,1,0.7767371517421857,1
0.5137281608315128,0.8186802737623426,0.26294568821850456,1.3894128802774524,1,0.5908832913899668,0
0.2535119926400068,0.7972512961831584,0.3929888741180936,10.384588915423777,0,0.17088377117574327,0
0.4150089137415928,0.6932650872131362,0.2579315940911523,2.4823051139804213,0,0.4901022477337687,0
0.2746844304357644,0.5954230368798517,0.06647973737681688,5.419576152306077,1,0.16211946773728406,1
0.35802720847112435,0.8186292782371198,-0.03779960922173099,2.8970337499808334,0,0.42603442482594467,0
0.36868411173731186,0.7581230803615173,0.38504943695046495,0.6331491478395983,1,0.42568519130050214,0
0.22394178221021083,0.8589273566942557,-0.039365294574806434,3.5084179507230573,1,0.15280787531219328,1
0.5378338511058235,0.7580654004447973,0.3873508363420997,9.572601560374197,1,0.37905642717558347,0
0.4600531293444458,0.890872600127416,0.214468567013606,3.2609852682614737,1,0.18879847903305189,0
0.5257995766256757,0.7707627355097942,0.4195338492564481,5.630906644123187,1,0.7465881680073778,0
0.5079309401710596,0.7743751886141546,0.3493916178868327,6.9678395904621,0,0.8581504207715767,0
0.3891599915244341,0.900661441063338,0.44896705526666875,1.2766221975095007,0,0.1578531802063509,0
0.5187496940092468,0.7113931464849588,0.1253559077258551,1.2149422825404672,0,0.8640921658333611,0
0.1853970008207678,0.6036060913802563,0.33359414446556346,3.3323811941285912,1,0.5180612794693962,1
0.22839314496765808,0.5615130705253356,0.1509654568046211,2.088132297000732,1,0.33965254236309916,1
0.1680909155642152,0.8520549022694476,0.18993781015195443,5.995144946506771,0,0.1614896602209308,1
0.28013213230530576,0.7981238205413859,0.26375273160918505,7.408449061138567,1,0.5004994144563343,1
0.3054709158757928,0.8316319072396894,0.3868385570931694,1.808181435270544,1,0.735612435592599,1
0.2585396127095584,0.6351856646035643,0.4420417345996476,1.3109828438253293,1,0.6656691818133585,1
0.48149500366077175,0.604548590234708,0.3341367069322591,5.049557887377346,0,0.140180809171179,0
0.2927013306774357,0.5558178662671528,0.1588833910836669,1.4639483682024972,1,0.1583214682943228,1
0.2623738038749523,0.6902350235226388,0.1606785011385351,5.688286776557105,1,0.4222986261061097,1
0.3670784332632994,0.7859670747418532,0.31879115079444575,2.1535799022662303,0,0.33623239523835463,0
0.20636968998990507,0.7068976180398929,0.06938857288415116,3.8037965096161104,1,0.2859074584448383,1
0.4708787923016159,0.7249899688094916,0.005237056565697326,0.8012360518733774,1,0.3248035991269709,1
0.17982025747190833,0.9116634777974993,0.12731107882038828,3.4333762071961225,1,0.7427861946375077,1
0.5447547746402069,0.6893021868093202,0.09361949582704086,2.303168413888355,1,0.8433824429054831,1
0.45889790771866296,0.7555957956639243,0.09815406022799504,3.1500803121998144,0,0.42408215562205315,1
0.22948627261366897,0.8634612050964572,0.06680387552495497,1.0518197447694737,1,0.8248888017059977,1
0.15220884684944094,0.708617112928508,-0.02895340518181906,4.5053639142455975,1,0.3571965609983056,1
0.47618457138193365,0.7988346800911494,-0.0410630326332931,6.4588827896356324,0,0.4811495890750333,1
0.43274293753904686,0.8949454834986981,0.4438611948680158,1.2328709800656181,0,0.2808231982527998,0
0.4416028672163949,0.9298082494630568,0.16388656686793118,0.8018306337884029,0,0.6123808337406752,0
0.4585081386743783,0.6088293923716152,0.14216332357984085,0.571767379794722,1,0.8831848921398472,1
0.17961786069363614,0.9206350500645977,0.28982364134653493,3.5814280641487617,1,0.582794476834703,1
0.29338629141770906,0.7468465172318153,0.05912694393253208,3.302554919971754,0,0.38625126729083914,1
0.19634762381005189,0.6532977553195833,0.4249805919751127,2.873586240150697,0,0.6182539567924228,1
0.4952413703502374,0.7336543024953045,0.34317250720777603,1.2916899888238664,1,0.19833654277231005,0
0.3993192507310232,0.9420130301141908,-0.005294498843870246,1.9873479951956154,1,0.810927264212319,0
0.2823592099410597,0.7470472375971479,0.1587903878924642,3.207728142617966,1,0.5024671606238691,1
0.17542334011440944,0.6815006441150033,0.38955915378108236,2.560105144975748,0,0.45947979363171365,1
0.27439292868626486,0.8033603417266902,0.42236601114570516,13.71539949014398,1,0.5686918307628154,1
0.2800733288106988,0.6460582475112773,0.18370075562493487,0.940074837845982,1,0.599827090231522,1
0.44184247133522564,0.5803453312434657,0.25670569460535386,4.063752687261391,1,0.15742064498121044,1
0.40502298854208524,0.6015518887642597,0.03351697304603761,2.0541488024311985,0,0.646093776978722,1
0.5048850970305306,0.601218335583109,0.4455843130684883,2.176895976955147,0,0.2935453442524237,0
0.3388859700647797,0.6107610774049178,0.0658358506917217,4.2932685842571585,1,0.6711621060052719,1
0.19783769837532067,0.605530869059764,0.42136588706756284,4.037217725959444,0,0.7580278355073574,1
0.435297914889198,0.8063498979212859,0.27482332449618424,14.718160423593108,0,0.7431668060420162,0
0.454314019446759,0.6227520337596579,0.25386839743942957,0.9122543724097494,1,0.5420007739263113,0
0.3745108790277985,0.6882669133295453,0.2063442555082543,0.8298117501219662,1,0.5161359138486009,1
0.45838687198182443,0.9087153639624047,0.06533490585887934,4.365748297020627,1,0.2143007690715294,0
0.3475182385457563,0.7395846561051489,0.03826401600275413,3.091001751403941,0,0.7202769203225086,1
0.3590931317527976,0.8170230954084109,0.060243104535087674,1.4612797773500783,1,0.3171275043573715,1
0.32101640734341985,0.6189279484806519,0.043219131072127256,0.7482520620433925,0,0.49735633825435727,1
0.16016765069763808,0.6269156075234683,0.33979223678337667,0.7686526131917238,0,0.3274192743420134,1
0.19315657079732176,0.5663474465065916,0.12506262958336506,7.238355537396767,1,0.20706269039975453,1
0.16257167427469368,0.6175740252288658,-0.02107866171830182,1.139087095579892,0,0.6036461575133893,1
0.4045641645055122,0.6614361356127835,0.4345513150704057,1.6718989788427425,1,0.14346562785832306,1
0.27574239243053067,0.6208041937106987,0.39189294248171286,1.2710954902868998,1,0.6989161873009601,1
0.3534282764658811,0.5854810135028223,0.4138761415976065,1.8154977044312623,0,0.35406943620889336,0
0.5130265895704372,0.5982543484402404,0.44745391132321766,0.7158540821948896,0,0.10010775440358827,0
0.24971689165954997,0.7343115072130904,0.03694762460974364,2.6960369660766044,1,0.5089033113897838,1
0.3141531692142519,0.6325334873623171,0.1481210094513294,0.7100205391323241,0,0.1374815268220825,1
0.4522204554172195,0.6957079444192302,0.32911923785204567,5.333666126477756,0,0.3209356462567196,1
0.24151926619664899,0.7513669083419428,0.2980103090268961,1.298591923052618,1,0.6655811899645729,1
0.1807919639315172,0.8261579314517461,0.026947953169927527,2.829664073445784,0,0.1501516972974927,1
0.2659005811655072,0.5657248559364396,0.3579165624953089,6.862768449469225,1,0.7714707938848019,1
0.21448851490160176,0.8697641595636171,0.06222028591833033,3.656996121230792,1,0.10305593812686649,1
0.5218790609370293,0.8011601557963631,0.06190880741131154,2.784006897724195,1,0.2974590953615218,1
0.4732481518257668,0.5827036127795489,0.2184872114467068,1.676168127452438,0,0.6927232449216572,0
0.4033615026041694,0.8994314496427108,0.2464699674208516,1.7149043036715403,0,0.35301611978344544,0
0.4985842360750871,0.9183489602127253,0.2400431039189056,3.8213274517092084,1,0.18151391045281084,0
0.4714688307596458,0.5744311839419456,-0.004256581301122567,15.918490024121914,1,0.3881871350403423,1
0.22462802355441433,0.6607510592588816,0.3887304313151902,3.752701180895693,0,0.3163146291076204,1
0.5070235993959912,0.8724805119172245,0.08280002129435303,2.9478665329039435,1,0.774169521728444,0
0.3657368967662603,0.8493038761534634,0.014757460641402084,4.435236572578434,0,0.35067833406811455,0
0.47297606206562504,0.623808407742551,0.3943740399344886,2.3776187839472267,0,0.7311459774208058,0
0.5084365199693973,0.6337397293346841,0.4278257491148767,0.6860805304496527,1,0.8134977158485879,1
0.27720138998874555,0.6981888411165528,0.3810638086327253,2.9786427804318834,0,0.44705393566122364,1
0.1940207698110707,0.7438091940764086,0.35475803736243905,9.983610281886005,1,0.8279545150835137,1
0.24117406501677668,0.7973019086121184,0.2776209903195109,1.0782174888221105,0,0.4018544431705543,1
0.32084311545050254,0.697565455827909,0.22542868530456966,4.013596275404774,0,0.8712627331920866,1
0.47720590636899723,0.7350138864532592,-0.0065066200442949335,1.1729340312267738,0,0.17143161962045836,0
0.4942922333025374,0.8489883752535026,0.15422660653534936,2.8024982780793395,1,0.6496154132025942,1
0.15278085221247628,0.5646732811562392,0.136344258506157,0.8050234511070826,0,0.49505123236554294,1
0.3542989210310263,0.6509747777376084,0.0798768918801631,2.295534973537642,1,0.4101190443645177,1
0.3169644012595116,0.835339834353821,0.3117100568442925,4.73376997562737,1,0.6061695029988807,1
0.2388431241882921,0.9080827350748797,0.19793786753938541,1.7811612844563625,1,0.663085673307465,1
0.19794614693347312,0.7546709768462665,-0.009476892046176036,3.780083818628265,1,0.10349061572024727,1
0.2850460685614512,0.7628453941061263,0.060091600974905665,5.260827928749051,1,0.23356247099775898,1
0.5271638815650077,0.5928688045359105,0.291629381829798,8.359204078112626,0,0.670436840507455,0
0.2792811728083021,0.7289649467293818,-0.01193457025484991,1.3022350631466668,0,0.6331083308625652,1
0.35751624869734644,0.7630469065820092,0.37560345702438436,2.0290583987436044,1,0.8728380041029418,0
0.43120758355807115,0.6469882014538919,0.19757326350698717,0.9960960359672084,0,0.7088302322006265,0
0.2954518409517176,0.6576972923797524,0.190293288663324,15.171964886144165,1,0.8606181661850705,1
0.5387128330883842,0.7009136652418491,0.2462038923297588,8.351927291475718,0,0.6620324012278456,0
0.5349789179768445,0.5580284791110905,0.3623404829625746,2.8293067963973684,0,0.33844176691155453,0
0.25071291833014564,0.6788316662332713,0.12390460395109652,6.036112976185915,1,0.1842919378006852,1
0.34889940235695416,0.6345792027986179,0.2890080762795318,2.707900865894859,0,0.7254590906759485,1
0.27035132392670785,0.6809989408711659,0.23286598199789554,3.4311945458651927,1,0.6153193771807328,1
0.26393619775098703,0.5979048527277006,0.08351413508471066,0.7800469386290654,1,0.138548809914637,1
0.16475477894181312,0.906210912295958,0.389314993177579,4.722804305467217,0,0.3880403727207827,0
0.39382573359195877,0.7874369814216194,0.34871301080346406,0.9099120056867214,1,0.8654398523874289,0
0.35107160929154463,0.8216409276577958,0.27922591732921276,5.747266204806017,1,0.500320916568161,0
0.17059150049999575,0.8656684954429353,0.37529086454712096,5.0701672010559955,1,0.44618330881576374,1
0.2614585856946446,0.7493768795716229,0.3836471004799012,4.200665207280827,0,0.4661596841274352,0
0.5133063543866615,0.5847681152349695,0.3041814883575174,0.6104911041546593,1,0.267106179204131,1
0.24582475626678896,0.7648426167274192,0.36850666418183603,1.5834621201546506,1,0.3949657366918362,1
0.20795794883648924,0.7847364472083517,0.29873573083464183,1.4159604175373826,0,0.3958506047897413,1
0.3457811041110252,0.848175789673732,0.2900703858801502,1.8395007860585508,0,0.14188401614997792,0
0.5442601816442403,0.7226638184918718,0.25930568910759216,0.7751709217171329,1,0.7140541028143347,0
0.24682210860460016,0.6010321211182256,0.3263583197788206,8.791853902676221,1,0.4332035455231032,1
0.4188542189623514,0.6635103623194898,0.029302552646536847,2.9209790562895446,1,0.7577439094531386,1
0.45464784613148707,0.695232918559454,0.3904353795994642,1.5937943658428064,1,0.7802784008959164,1
0.24505501759695986,0.8083668965326405,0.385921763872616,2.017422293319797,1,0.26959524375892646,1
0.44128653944474383,0.7783113218675648,-0.03537635848272043,2.278290806727891,0,0.6258827857361029,0
0.2971132530877013,0.6924386903591385,0.36290837528238135,3.2533330106623763,0,0.4778254433303854,1
0.4029223322374318,0.9446060995171919,0.014434933736722597,2.675024756136319,0,0.8041253903371881,0
0.40341188430435787,0.7923099277427549,0.11755942712957095,8.05447113955294,1,0.2725925433411633,1
0.3643098736299034,0.6448907166943978,0.3217541281458039,2.5612775387623685,0,0.6422505602480354,0
0.1861159080217633,0.5907129890481615,0.0303799480241541,15.044789796080707,1,0.5862016978021781,1
0.4841209982356952,0.6111436556737329,0.3589835120595311,6.219995339984841,0,0.3362411820574662,1
0.2783120259886943,0.6483830913538032,0.36606708897887097,1.2015160515182957,0,0.2092807229209381,1
0.22460740415994168,0.6142725493038222,0.2037338668804181,8.503398381766562,1,0.6213118083818213,1
0.16631005662190557,0.6246268096205223,-0.04680706414158321,0.8711383385298288,0,0.6908779665058646,1
0.3863571772752967,0.6640380674775389,0.09351906658745639,5.602188722032177,1,0.35250187501068003,1
0.42102574473691295,0.619349438117902,0.2584634591878711,1.9371248560012915,0,0.6158660832178511,0
0.15663513157114245,0.9087061698505701,0.44059308901371175,6.8105713047297085,1,0.4161047260892026,1
0.3548372233197124,0.582093498264657,0.2659067635083342,6.57614875746688,1,0.6705655066260943,1
0.24059831007917518,0.7598045558281019,0.0799017905320799,5.418537975072343,0,0.2593722199152425,1
0.40806911616377994,0.7141587307958646,0.2670028515498057,5.182378080692783,1,0.8121720021089396,1
0.21974657160199657,0.9429514467634426,0.21999268985792775,1.5901456087753603,0,0.3299276771724638,1
0.4263750952409864,0.594815560867221,0.3399226975755718,0.7531439876022483,1,0.39422879020492235,1
0.304694138520215,0.7091422396182967,0.003490319413479201,2.047414894226899,0,0.14647356166427983,1
0.5246919954946938,0.9377881733101475,0.330513951251014,1.0717550700999727,0,0.18920976985702112,0
0.2050083776583973,0.8962028503575921,0.22063328933805515,4.061849452932422,1,0.5126895221698625,1
0.2864265404201034,0.876828828379712,0.43149600192949733,1.774401278639319,1,0.3140741413823772,0
0.19538940849623562,0.653161130817976,0.12093608301934304,11.640770906381249,1,0.7683841805937556,1
0.5198774473114252,0.6183550349560264,0.26631094656697407,3.5730653436083726,1,0.11175471092396308,1
0.5009357413523924,0.8174572879697724,0.41601405275500875,5.6860255262298125,1,0.40327523893754896,0
0.25317665108606224,0.9217503956510342,0.0012548639953396251,0.9265046262996783,0,0.36987643741527415,0
0.4139936184136716,0.7727051572055719,0.4186142436182256,6.441819630009353,0,0.11546210473408083,0
0.47688888008048635,0.7786450757879599,0.2939428611504067,8.182404345848399,0,0.19949471920040818,0
0.37208032463978497,0.6619916374641137,-0.01608147044741405,2.502800421644748,0,0.43091413993490824,1
0.3618602313424026,0.8577971732767747,0.10048178347340812,3.2961396494749717,0,0.49429166755795734,0
0.24674091636018067,0.6248174994230093,0.3040860443226408,4.842082202995513,0,0.4234317978038953,1
0.18724110712235967,0.6794716945616975,-0.016324699265614154,1.0765289253637378,1,0.5247501427296751,1
0.5088863031813308,0.7201745754465667,0.24108523008813665,2.5948776446491837,0,0.5761053399245453,0
0.5101672228653322,0.753044151473782,0.12294152847647837,2.0257994470087035,0,0.10793905690226852,0
0.4032405829093072,0.6469638929660321,0.26045775888373857,0.9747863331357831,1,0.4712761275628031,1
0.28561191641948025,0.5959347298956814,-0.027128983093743578,1.8743884473701946,1,0.8707993927100707,1
0.28968382984506436,0.794248016976653,0.38576840307618815,0.7118220881123306,1,0.515225824103639,1
0.4403822715480958,0.6654522212961024,0.43674448458869847,0.5784526399064379,1,0.6420338139671626,0
0.5088441039810309,0.7824952885690449,0.43443892764284575,0.9356540969856908,0,0.34949108633350656,0
0.5048345697060469,0.6117450861096809,0.32482591587146237,10.399860019931323,1,0.71919310252221,1
0.46195021834304956,0.742456040741927,0.015043120065315982,2.8923882996743684,1,0.7183371855008921,1
0.4068126584617151,0.7630357730206343,0.3291315979645113,10.628533495652318,0,0.5170368381233111,0
0.18365598599801952,0.5707294147289708,-0.03770654177059925,2.1995323730247494,1,0.880811058623371,1
0.2146514856378455,0.6846417112775682,-0.038938224235501376,1.6210976849921122,1,0.20044017181012272,1
0.5094216754108317,0.6037658707755897,0.11180510957477062,2.6165209243318994,1,0.1135581319116648,1
0.392571623863836,0.5753499881891071,0.1943215952023329,2.236840671879645,0,0.7161265694056769,0
0.15367882064665186,0.9459840929559781,0.3352037089038966,0.8350235017951758,0,0.7457244298919061,0
0.19058861714641284,0.6789415379898892,0.2916476883032526,3.571847613192478,1,0.196165783296461,1
0.41540070764322234,0.873949778341854,0.17295135318837418,1.230184885994992,0,0.3124662663668849,0
0.15202463353848747,0.6518562619055056,0.08681333314083294,3.3995008535172913,1,0.11404189069330313,1
0.21432322056699946,0.8226010888895717,0.4485622500788556,3.651190517973859,0,0.3346468886244518,1
0.36949351574663447,0.8540911439558746,0.16309065111798648,0.9947118546633393,0,0.7185134991349372,0
0.4267580790770773,0.7882554962431377,0.17569351216483775,0.6899366268515942,0,0.5143684221700632,0
0.4107845038010402,0.7386304754200633,0.03181191059583459,5.0527864796717905,1,0.3784764745346305,1
0.23970772378422392,0.7147363656589074,0.3474047743749647,2.347449866274159,0,0.39739143592506426,1
0.43487168853901437,0.6895473066171981,0.29684111289074433,0.6797717003114476,0,0.10108290057237453,0
0.24489963499872003,0.9218116576991303,0.060384806394380194,16.315795930209994,1,0.33984042205218873,1
0.2801598792637071,0.8822477631150917,-0.008809477192078655,0.6785512442732711,0,0.6171669933103444,0
0.44859656204720966,0.936010764266605,0.29024965103735656,4.0626770405004535,1,0.8793555550530857,0
0.40985315961888585,0.5997188893942179,0.27725560714056763,12.84589423297086,0,0.7776486615871196,1
0.4896893641976712,0.8423469900814576,0.08662976349910466,1.320075850871441,1,0.1188759717164233,1
0.4130451569201374,0.9253361827284151,0.4254317811252052,0.9603255837007548,0,0.8188484837398715,0
0.37732344133418866,0.622493226466264,0.025528945890450114,0.888225218072028,1,0.7265587306389008,1
0.18746990713123698,0.576598506946711,0.16616740052130097,1.5840941178233294,1,0.7243008988567844,1
0.29708632122377343,0.8464482597160236,0.42180796008379945,0.8195696106546845,1,0.4663966072028572,1
0.2560809470726902,0.7797892452719648,0.15986365846306116,4.03453840978455,1,0.4184042343636023,1
0.24759585735163342,0.8867315107033088,0.2692629738320428,0.6929493913985812,1,0.3423325830665541,0
0.5392042219009783,0.6059089506505159,0.14879719898139715,2.6365137573039106,1,0.15255588716349264,1
0.3072390898667042,0.868106924743956,0.08710760117433501,17.638639660399804,1,0.2825882907949593,1
0.5068186220708454,0.6306509280190978,0.4419888239799141,5.545546330030146,1,0.2972829079824197,1
0.4024554503989052,0.6154623771462818,0.15466700315752152,3.365246229859621,1,0.4872616557681613,1
0.46792452141665936,0.6157063191723972,0.3970496018395672,1.5969464992609557,0,0.6979555252773553,0
0.35105483724207687,0.8758298880925528,0.06497730294554309,3.433667428457071,1,0.4790478627183573,0
0.38076155385054367,0.8160788882784801,0.05655235201254165,2.7462426676386027,0,0.1462755595577285,0
0.34700707752754556,0.7592261699076477,-0.03443295855774432,2.165813483950087,0,0.8662318407905631,1
0.2280971951192178,0.693532193649401,0.27583341268794254,0.9202367775810354,0,0.8541794552752898,1
0.43898084610460214,0.9008802163252433,0.13426317186188058,7.030613179436143,1,0.7281516345187268,0
0.26230894497634233,0.7069780429690542,0.38217912491981854,2.2923365893783467,0,0.8930623212513765,0
0.15972638657258154,0.8766397757886308,0.1866049533457786,1.1493325461842407,1,0.5355858662402103,1
0.40818891836286714,0.7256539634280874,0.4340967139573609,1.8754555501488057,1,0.8702146802025649,0
0.22084427176281957,0.700777771769963,0.04276275785156057,2.1039708038604017,1,0.16048403249340062,1
0.5261834337411657,0.7350719142678426,0.3843115839778054,5.7727332532716,0,0.3925445986090971,0
0.531571430801035,0.6705511496656569,0.3382984263958709,4.4684309685778345,1,0.28030501440541267,1
0.5159457560881794,0.8490437520705004,0.335460922322026,4.899974978510575,1,0.25666646730741605,0
0.29806348010217776,0.7510881560369916,0.37239161405844384,0.5332776800646016,0,0.21264235911414087,0
0.15618264661154696,0.642885078058727,0.33051199547149945,2.114354079322926,0,0.5979309132527973,1
0.5213274250350902,0.9098298293098274,0.2631101608157077,2.469544163114482,1,0.7250574845978441,0
0.32127365932692575,0.7035564885492845,0.015622438841193784,0.5581365183993389,1,0.5626387195362885,1
0.5366619276174679,0.7674211444455954,-0.033736910254374045,1.4025581120654789,0,0.21757016767056775,0
0.5354479908357012,0.9125888443858188,0.41042392390784344,4.784974045143134,1,0.7488990159467768,0
0.49120378218694405,0.7996951983655969,0.25832515726036903,0.9424031520016678,1,0.6087637657309828,0
0.2677795568278343,0.5967592162833457,0.34826864548808817,2.7991551357945745,1,0.41053256490159645,1
0.3040390914407701,0.92593284944539,0.19076117575627505,1.2269862682306814,0,0.6393042364288504,0
0.49045466860674275,0.8010832212285671,0.008654094481197236,0.5365844907463329,0,0.3079239833942663,0
0.2767688020625111,0.6839622458628345,0.012592896101275217,1.328056885550898,0,0.37615376679536844,1
0.217797098674437,0.605708829065355,0.2927826436144857,11.673365069428634,0,0.8339886745055922,1
0.3727205049833401,0.8676100757081183,0.16515294744973136,5.351459473884642,1,0.33240360453713635,0
0.5244619096643124,0.7980291023714055,0.05026236335016836,10.1250426505737,1,0.4759906145263493,1
0.42841191866998923,0.7633844367905286,0.19579727337071845,2.507436872333504,1,0.8121129099168117,0
0.378024468035746,0.9075570332203831,-0.01789553146243296,0.8487123625855775,1,0.666177080214022,0
0.1888705975083074,0.8654388844898123,0.2409857009571994,2.8819504310050834,1,0.1497625809317622,1
0.39600289067966793,0.6106699518931005,0.08449670221754883,2.3174828932607854,0,0.21784243542317627,1
0.5460215400417053,0.6746888271182193,0.3487795503185941,6.080572662199428,0,0.10627327261753346,0
0.2060336060946096,0.6493956559257863,0.10518097946178688,0.8096969482598715,0,0.6047374321833308,1
0.3573318609454947,0.8475785170290707,0.1776100745409006,2.5097052068895387,1,0.4581387403283347,0
0.5009492287711822,0.5634129738943118,-0.044189730045949685,0.9877285511537733,0,0.20741988072182044,1
0.4463074471016818,0.7779558739485266,-0.013776556102720564,1.6776877850411134,0,0.8663472968454164,0
0.4288062963981072,0.8549834742962762,0.14624677820334242,4.510879634074373,1,0.5237277791564959,0
0.4309936335948437,0.9007062547046998,0.18996941735856177,2.4388945798748534,0,0.29351463529031135,0
0.2937964604879021,0.686832699486363,0.25001027405965187,1.914277689264778,1,0.500482856923766,1
0.26743673770579734,0.8785029218688051,0.09583128935465161,2.0049846204757347,1,0.6436962661880863,1
0.4737444621914055,0.594252694782083,0.2974909430632713,2.3454864827507698,1,0.16099137437885158,1
0.4740453578716723,0.8885809166938072,0.3800611985946023,5.111582605683392,1,0.3197630520383136,0
0.4968289274320415,0.600995464932793,0.3399254944466749,7.17922554897124,1,0.7455723927071949,1
0.5152962210225885,0.7089149162241469,-0.03019058732582143,9.825674189066898,0,0.467731896322129,1
0.35453695954437514,0.8689181463118214,0.19025347362891448,5.138028891367092,0,0.537261713625836,0
0.35060651787487984,0.6099669709395096,0.0024650892090874316,1.6367918768121539,0,0.4462528017675754,1
0.4693180715867101,0.6417005580930566,0.07102250793126373,3.9955518040430613,0,0.1351199541144041,1
0.40998557231110605,0.8389010273572265,0.44333129663357324,2.2266424800946814,1,0.23259982385612477,0
0.43078675090308133,0.8380146146184297,0.02124777145075661,1.381787120746933,0,0.45643331099351275,0
0.46831706777444043,0.8064590531541189,0.19944407672567804,6.014131178571735,1,0.2673483723263423,1
0.5060021367270265,0.82757937778684,0.25907786715905956,0.6175523502312682,1,0.13998322292774298,0
0.2851980627406143,0.7670897773390385,0.301232485272052,7.461086279121116,1,0.7749197312414591,1
0.3002331810559776,0.6507196235627811,0.22982434174345706,2.3567778045178387,1,0.8849540233312927,1
0.1875927759363476,0.6882783974015678,-0.04511457629040817,3.541722894003672,1,0.7345142991973916,1
0.3813120563984696,0.6226390867205703,0.11323065412199594,3.7307337071487865,1,0.7830279373637337,1
0.16437690951869682,0.9133802245334512,0.20885582169235573,7.264750694177062,1,0.29358170425363633,1
0.33623920725298406,0.7833567179064482,-0.006066750427583326,3.5373286760128133,0,0.8685015804105598,1
0.36705785388303064,0.710340566705456,0.1253134656045904,3.355237592332616,1,0.25754056356274274,1
0.2646165008513138,0.7348023214576531,-0.03339844560431672,0.7069316023457162,1,0.8611438482894659,1
0.3863333042276043,0.9289133358447261,-0.010710751422489631,2.691974125967654,1,0.8958554351727609,0
0.16220009997561977,0.6113405612464321,0.14846163810079804,0.9881533212698645,0,0.669378244596839,1
0.16493927549968576,0.7844919328067189,0.016357877021530173,4.511755757428235,1,0.8849149854334576,1
0.47904022426386333,0.7523554715537863,0.2337704241307791,2.653684196976285,1,0.5556318236536829,0
0.29407625656450515,0.7945816941738592,0.2947324845686329,3.920439040014525,1,0.3076334265408723,1
0.2008242050607539,0.5572440735283363,0.35029334955454144,0.6276983582490631,1,0.4495967085324967,1
0.35889730402192177,0.8988495635776605,0.050075122122405044,0.7658118040054356,1,0.5748487483030288,0
0.45799742123944437,0.9228473129934449,0.033741291129534876,4.27976113994878,1,0.15846524962161201,0
0.23632841099873728,0.7760532734356835,0.0022839201672001236,0.724443288903879,1,0.5978746116937969,1
0.39915619032760014,0.8286603295507569,0.26821512477181836,0.7217687806070363,1,0.8849422694098357,0
0.1841389859975072,0.9189997524709183,0.3032378632434506,0.536547140029388,1,0.2520861198269821,1
0.17067268846744307,0.8328954537253594,-0.034206927587178984,9.905079458659367,0,0.7340760930307066,1
0.3625418526272592,0.6110156171657045,0.4181061231218449,4.512608129046983,1,0.8263190350236955,1
0.3662540486440426,0.7805153440667253,-0.024014358174263797,1.8073929072010975,1,0.8549612742561767,1
0.40497196059928264,0.7926860185531424,0.22064816765053524,1.5552139436902963,1,0.8681084835243578,1
0.44043653348906464,0.7196522685209544,0.3045302597254582,1.7909793520006403,0,0.5171677109771776,0
0.5403408317850139,0.8445776942498892,0.3854845618730428,4.970348599194951,1,0.881846326393203,0
0.35652013932047816,0.9237468059076059,0.3070434660662139,3.7485470528855096,1,0.7058481657075512,0
0.2791825891764984,0.9202274051627105,0.3508640415348959,1.1144214653299989,0,0.22933714898956953,0
0.46807447790748147,0.7303357485616528,0.11972509627140303,1.0738786443650659,1,0.481520085174376,1
0.2583329005048297,0.5952952183363022,0.3574125568732561,0.8107384735830184,1,0.6746649402976033,1
0.32558856828225446,0.9439364795849338,-0.009942576807662432,3.7391012301005384,1,0.2978722526552667,1
0.18138255253690638,0.8855592345783736,0.3974083280302638,4.836511397671147,0,0.6124921468391099,0
0.160140297366183,0.5998650724813068,0.22379618807686813,1.4238438486607707,1,0.6332803832372954,1
0.5350593658711701,0.9183367530469488,0.35864888498124686,0.5635022553548454,0,0.23015979504685272,0
0.48439204820488235,0.8979585448248513,0.17615914225915008,0.7572347223708082,0,0.552068249962205,0
0.4283896824374792,0.7575352228504288,0.2717888475982625,10.81296500851203,1,0.7173015287828862,0
0.31358117776570793,0.7865101742979717,0.21320133046805662,1.550565695910876,1,0.4991165316287536,1
0.21931772802833832,0.7096010815480521,0.31579476087766595,4.898912129912061,1,0.10968249342088594,1
0.21257481706843442,0.5719046555288125,-0.009185008984705215,3.439797516464114,1,0.10723077526343375,1
0.25009715926583814,0.6840788966583604,-0.019823958004718104,1.9435074674879773,1,0.38562347517600976,1
0.3696906658824482,0.8711413794392046,0.07355161700507322,1.1908340568677107,0,0.8409552547454257,0
0.43583836908002493,0.5518528092018412,0.029772340056594168,0.8882302671713035,0,0.28294142368288705,1
0.4140789506870925,0.6833996686764577,0.38589178329610085,3.3636368854384417,0,0.6074909510973497,0
0.26197355877837714,0.7092674774363773,0.059606993679022155,4.970085675022753,1,0.27766069655465647,1
0.5319461122652777,0.7649582411751692,0.43793262790956566,3.597666900691127,0,0.3573359917276389,0
0.4451587666783074,0.9179422465651041,0.11844789588555342,2.7669968830594174,0,0.7784336716811873,0
0.37174162100456026,0.6885383977463845,0.04105895784434964,0.6285697619273272,0,0.6830891538159576,1
0.39468829849374093,0.6887812807584911,0.3448492535712396,10.872234589260662,1,0.1763194218505685,1
0.31784002497111596,0.8450004992438993,0.27935388775043807,5.30908834653308,0,0.4429616167891469,1
0.249092395800463,0.7308871763559228,0.1990978582265695,1.5394187859129418,1,0.12333581091621158,1
0.29238907146050463,0.6398419291759928,0.22768177546881563,12.231621718151654,1,0.4847121172824072,1
0.45313844418574767,0.7309758064530774,0.30960088913613193,3.26301741340844,1,0.6299472093608545,0
0.15575739545190234,0.60634280815192,0.06422737066564936,3.119856506134551,0,0.19480209887852126,1
0.1964290562027665,0.6205547946024893,0.448166958028371,4.635849884615044,0,0.33110795112733254,1
0.1684010568087011,0.7493471090957919,0.4373965810733916,5.510268601531631,1,0.41826930040172555,1
0.16629152092758806,0.7175701798018191,0.27516284317346845,3.7055176722441487,1,0.8356248197248398,1
0.4921842336044029,0.91593836042724,0.04977122546457256,0.9112269859411548,1,0.8946040123383713,0
0.4314631437520095,0.6949575596466533,0.29011412121564567,1.7386816769465248,1,0.13592903919649268,0
0.3396695316349301,0.7822353401112174,-0.013900795510412081,8.39675451927262,1,0.7088063387963137,1
0.1891336642604006,0.8029057151678122,-0.03467374889709697,1.2631891636128318,1,0.3973792531218746,1
0.34664635004673294,0.5552377826353335,0.07884144425560684,1.896443328238039,0,0.41396654898358404,1
0.3393887083122263,0.8154149488066842,0.18131147836965816,2.197307680156193,1,0.7034119786776182,1
0.21928074796400607,0.6212143867479006,0.3841362527041903,2.2362696227699987,1,0.834741145716327,1
0.3235406596951892,0.934428126987782,0.313584534883154,3.3475234416566955,1,0.8607428756020388,0
0.3094018937589494,0.6094650911012452,0.32135326059999053,9.098106151340588,0,0.5616980688306566,1
0.3963400392208866,0.7158496494908095,0.1627466672240377,1.3260461728225592,0,0.3856969274404023,0
0.4040374603470575,0.5841398672314576,0.12296749627348146,0.888622814014857,0,0.7300392686870234,1
0.1681216039088178,0.9487497007383789,0.13551938149230136,1.1599599556815943,1,0.3008011066098402,1
0.29984504585058847,0.7508780041324971,0.44382478186802893,7.039109243301656,1,0.5512592230668142,1
0.4003439662856946,0.7881540069280175,-0.029945404293758762,3.6137722432286834,1,0.38686276921989854,1
0.35125450343203507,0.576830590955371,0.3835157480612243,1.510225333637055,0,0.625304858966301,0
0.4925959364753289,0.8499841881596711,0.23933770428619672,5.577593563324161,0,0.29231913031480555,1
0.413477452647578,0.6339622372382343,0.16930770959479524,6.427840217599086,0,0.2532743565878606,1
0.2151737708325719,0.9092217157762854,0.31262883020756826,6.122444383943226,0,0.8345912693403497,1
0.17822749896017193,0.6320558561928029,0.19333447071235144,8.037198629822697,0,0.18144294635962954,1
0.40696771128252623,0.6262750882654666,0.3867116190408303,1.3720237172438463,1,0.5047663261879454,1
0.16060452421664873,0.564619867139238,0.40035093200562927,4.720004662469166,0,0.2766822263704071,1
0.38431023250938534,0.7388267780439997,0.16086046343672772,2.3515571235563426,1,0.13114397066053396,1
0.526092096569983,0.7759364533050466,0.08841389861752579,6.035453261220355,1,0.1288150546331411,1
0.38018967115035157,0.576283455771341,0.24617516429668113,4.41127640580427,1,0.2401774176846619,1
0.3052679704826088,0.8602110466780042,0.4061816728083455,4.994326261596779,1,0.7934162836048002,0
0.4073152873769413,0.731315533899211,0.055331094502833286,3.7027525720526278,1,0.3259829951816213,1
0.33330115619660666,0.759756107731032,0.2614832917817414,1.0859605928718377,1,0.8603673364602367,1
0.36824671572637396,0.7263050987752913,0.2657801100462603,2.862551072576614,1,0.5652978343913548,0
0.5265859235106101,0.7103052243501304,0.3165565112076405,13.033779785050836,1,0.4492913518150129,1
0.3044410551203097,0.7738561325232871,0.0157838425636299,8.812398164022298,1,0.5640710677355637,1
0.5344762255295658,0.6120960983722851,0.3079124823410443,0.6324003383527582,1,0.5133587081810143,1
0.5121402567824255,0.6227712521981085,0.4045162603328205,1.0403054034522647,1,0.7070210030058601,1
0.2283164539157186,0.8947142484054069,0.03984155443512098,0.9237534204580558,1,0.32599685277828183,1
0.1777445203500662,0.9284461848534531,0.06877166246193882,4.38366156218116,0,0.3824403132802419,1
0.19031120055097064,0.6993237265119012,0.4356975470208198,5.607709342087539,0,0.8152754420266006,1
0.15728873026061987,0.6582978692574215,0.04048847635474488,1.2205310250501586,0,0.8571652105203245,1
0.18777718430237136,0.8075998172956063,0.3771925466847896,2.614764841518587,0,0.8140465819891797,0
0.42320270936654275,0.7134936684392386,0.1961389282240174,6.010955211433411,1,0.4355583951658509,1
0.1784754593840916,0.560154542264138,0.07361553720158852,4.459290855941529,0,0.7242924024055054,1
0.27759025211750454,0.6124610389464762,0.3853749506362557,2.844212434861385,1,0.48106858664087904,1
0.48795012438778185,0.836388891538959,0.17265262750133276,3.1773395137100966,1,0.4980318817168818,1
0.15930877429433035,0.8135695767640605,0.2074086769648451,2.630028950205218,0,0.26374408724582715,1
0.4757873930355743,0.5608383970013935,0.12961668469988286,1.5595365500048617,1,0.5729042426068132,1
0.26274190990935997,0.6387888647731798,0.24647542571746373,2.9973794224044665,0,0.24890871820267835,1
0.1972659310486625,0.6424299186352286,0.03176193629251138,4.002780893290438,0,0.365251759253755,1
0.42869486614566027,0.8187570974394913,0.14554076832588037,6.6983422253223575,0,0.7840241612959482,1
0.4015771387119536,0.5578842151017457,0.43470616116764377,3.534206464624563,0,0.26566064736868417,0
0.5009888054108212,0.5916434327938296,0.07906671635056377,4.795401138756578,1,0.15692662813874625,1
0.4440284175215543,0.8699664341492758,0.2783683322706461,1.0233160114673714,1,0.15520607409025305,0
0.4713923721539394,0.6214178648217334,0.11259503211234743,2.357223555999128,1,0.8526276164024864,1
0.26281382902852257,0.8110984431407499,0.33673656284330034,0.5281262964933685,1,0.5055363503694678,1
0.22097581751188913,0.6452731124186907,0.01543683035917491,1.3497910020736006,0,0.4275296574536147,1
0.45024590065634335,0.5897765571037381,0.43491052253927237,4.388941056833858,0,0.7487028648063347,0
0.4727338957069056,0.6472688763997817,0.17689477069181964,14.914506322658417,0,0.7686607423284129,1
0.5462020568002693,0.8389067727422637,0.06802523167323198,0.8133431291332783,1,0.3657528264924837,1
0.3150470707645706,0.8922785872425143,-0.013251626334993674,2.039957770164258,1,0.6548944459790362,1
0.29880723431711326,0.8820879458267966,0.03487895254377037,5.3293784567052445,1,0.7168982526815093,1
0.46056518429679877,0.708873411847382,0.20988697427800884,1.1846025837846912,1,0.6237205494927637,1
0.28632141610120715,0.8172340546282585,0.11850158821564315,2.9296157370428473,0,0.2212760598400795,0
0.5223029302414259,0.6319937181663284,0.36444168294130475,4.462321047704407,1,0.8007064668136457,1
0.49336510073720474,0.6672590921044054,0.16544376183090298,3.3712245114942974,1,0.531275642188807,1
0.32159761095000733,0.9085343274084479,0.07435713629381495,1.12485620190035,1,0.325977941096003,1
0.45034842711659895,0.5552007694042944,0.25857249330201504,1.817304111568972,0,0.44018254835015513,0
0.4518171496338729,0.5842034123417873,0.3033886084427229,5.094540124681963,0,0.1300568723191259,0
0.19124954753437304,0.633154502058411,0.03352095395047493,2.9238330055885293,1,0.20229344097793406,1
0.5110211626718267,0.5606128815495279,0.03380960814415883,0.5157300075027349,1,0.7124374004126888,1
0.35210094897914285,0.622574174035919,-0.03166428653322852,4.793759200482871,1,0.10000930780429292,1
0.48058298644309666,0.7832166243878769,0.31820100753282027,0.6078496319346626,1,0.43325266278583374,0
0.2780198404122447,0.7185698202369992,0.28190226381090255,4.608120384059132,0,0.5180081448684708,0
0.5082092913984803,0.9070686844307899,0.18731543787490695,1.1787472059556166,0,0.14370753600077785,0
0.30568067149366523,0.8769774246953763,0.3720852244845986,10.015510158679358,1,0.8784625303778664,1
0.15433506059211935,0.6867269406791504,0.3528350764750266,1.8763164238688101,1,0.2809002649997376,1
0.5121527905677055,0.6537693733725171,0.24267718219837608,1.687725032910069,0,0.34335897570902474,0
0.1865146707144534,0.7018769632669067,0.38413564025662933,0.9836348250053567,1,0.3431540098040219,1
0.27772545503616597,0.7861179770059231,0.05292060501838412,1.5941395590465717,0,0.2843333296938799,1
0.530024786820322,0.6572254563291505,0.005959809698863935,6.778206836529916,1,0.10117905766904914,1
0.5302428587750224,0.7996595631396536,0.0848748057584948,17.32623869212717,1,0.6834758352703971,1
0.3793751552493145,0.7137646608764961,-0.021456571955342577,1.8780673048063403,1,0.8734763998394284,1
0.4027348848679197,0.770818872340792,0.21558476400051602,2.2859421815311087,1,0.27943478662803606,1
0.3293782087913279,0.7244506116541267,0.41830284614748076,4.341168113734729,0,0.630437753442738,0
0.2672843086792258,0.6677863038167671,-0.03032822966574518,7.019827038389042,1,0.6935170615669721,1
0.2814658181479664,0.9293813227848626,0.011054957005013397,3.19715308603585,1,0.7787403032724198,1
0.41900738243081537,0.8554423176639043,0.17609951414171765,1.9904017983677944,1,0.4381033576108873,0
0.45094981177507204,0.6060452703065811,0.41693750876395247,2.0962593294510117,1,0.34234472451234343,1
0.46663161749033943,0.8973871903591651,0.10807805248837525,4.068416806267533,1,0.3602361072184249,0
0.46584725711782154,0.7449724792998055,0.20361740434419623,0.5096703600567039,1,0.6700970664788103,0
0.18648244121947613,0.9078208907576365,-0.029213570474803954,3.3995117566777555,0,0.7534235732045089,1
0.34776812188103257,0.8699421023789261,0.024171600481044428,1.8178088351892487,1,0.24529117420528213,1
0.1730235040066577,0.7200854017876934,0.44331506147942346,5.242512464332387,1,0.3967528065262122,1
0.36981155292949425,0.558987723328047,0.4325593482180228,0.7928075269695681,0,0.8215521573993201,0
0.3266122005493508,0.6574709437539784,-0.047530009532795195,3.16166896813351,1,0.7453548157557914,1
0.50508167310332,0.7666536858643468,0.4259058927116195,2.4673974856808343,0,0.8878867222099807,0
0.2903660050208315,0.8033912879304589,0.2695599689077502,3.584395989423934,1,0.7033986077456647,1
0.19682680657104235,0.6531550741732809,0.38395914726001107,0.7011565355320456,0,0.4145561608223378,1
0.20719667282113435,0.6057424296291297,0.17736992781692956,3.102385901264433,0,0.5725102671957102,1
0.4546042526869889,0.8839720947197196,0.20779801428962513,2.9730809618086416,0,0.6288114033978562,0
0.39728722532650446,0.9437608722814208,0.1944232901284601,2.967445679302052,0,0.16276465305369917,0
0.1904490704491161,0.7602760729210744,0.2834321287730522,3.2751443981222352,1,0.535597567283092,1
0.18364272244599897,0.6186717143393214,0.01982562737815645,3.8853711734712624,0,0.6674566627780877,1
0.43038765258364803,0.6589229306077476,-0.035013205063661026,5.404097930347978,1,0.23385704320084832,1
0.1791052025456774,0.5573562706189867,0.10396497079559545,1.443395558378748,1,0.7245053739404458,1
0.4787440237161425,0.9157195226241995,0.30234038136832336,5.729755066433693,1,0.5670182244112894,0
0.4324968908625985,0.5971004331560565,0.05092672606147418,2.5689938487788284,1,0.8617774285580757,1
0.1825395122567599,0.7806065902057014,0.28671621666245867,0.7405675623901073,1,0.13393783856551336,1
0.18393508563407676,0.6596220882748824,0.43495602305363523,0.6810050782251729,1,0.3122609100443736,1
0.5446558314004702,0.7716712010063174,-0.003049642105290809,1.7204705250807646,1,0.5812431034398593,1
0.29970831830244815,0.8105681553407457,0.28630105911256315,5.109914568191025,0,0.3372479297647446,0
0.29825685882675634,0.8818967214828807,0.17187510965228558,4.189728152062353,0,0.6715393312569938,0
0.47511982690300103,0.6325685087042413,0.3840711271887527,5.162221989420793,1,0.7072042260175448,1
0.5288994309535435,0.5543983314633922,0.03857489472369295,2.6848874996455643,1,0.18201277125317958,1
0.5444004255291484,0.604754252027523,0.29631297611308227,2.2405217356937097,1,0.5110835713654142,1
0.45135127410357667,0.910007456739242,0.3690576448240551,0.9785791526806485,1,0.5071124444728448,0
0.3005038342123663,0.899556031025006,0.42230710973701163,1.693351445997096,1,0.39542461617243285,0
0.1834002866794675,0.7889652408681234,0.2916240141448229,2.2075862516576996,1,0.8463398900557377,1
0.4608587663709747,0.7902067441734614,0.19858738200421366,0.7783216148076852,1,0.762005055898577,1
0.37336169989432205,0.8160146698185021,0.25892362010060693,1.247738665941839,0,0.6577675055277095,0
0.3196888036987905,0.6201485114493799,0.3844524922393591,3.2355913413762827,1,0.6714613085879981,1
0.5125417540378944,0.9157647783699838,0.23530487331941485,4.491592720729103,1,0.4693729150504953,0
0.19447899292246054,0.7175082099568293,-0.03480647015158157,19.71641864190243,1,0.8367956168772608,1
0.3470500417163437,0.703255411299799,0.4154743477534889,8.614266813212947,1,0.6556763418026283,1
0.15454145790696763,0.7575670821131351,0.2947633755157806,3.5864069294086174,1,0.6831848493246532,1
0.3374642567976505,0.568786386710022,0.28825669288862327,2.140643929845793,0,0.7893527230298762,1
0.17252131027273493,0.6165133475024318,0.057837576198858584,3.5332663873395633,1,0.3192572714737528,1
0.19752716650722876,0.8452134465705482,0.2794427351163286,5.120457904229278,1,0.7456567230933624,1
0.19701049871084195,0.5831194671700506,0.14693220282707925,0.8778333934581021,0,0.25619248236519365,1
0.4096841208464254,0.7912608437865553,0.27561648852074605,2.0824146535091868,0,0.3762735617959103,0
0.4484179517061693,0.6481396438725284,0.003296515153995358,5.994039535514092,0,0.3684883634158742,1
0.38334750603886386,0.7057182456167906,0.278922652301518,1.9527115108547397,1,0.8828203747113125,0
0.5348690193898168,0.66547749470828,0.4497068628853333,3.0450010886301353,0,0.7852297789983416,0
0.2999482318094816,0.6922690865859796,-0.02589398056972199,3.158516847595217,1,0.6609358892722078,1
0.2642848345127443,0.8376183620736982,0.43858709211065866,1.111774213851053,1,0.6816454092923121,1
0.4974396512757841,0.6688486862492701,0.15345398036143532,1.8493582836467912,1,0.5496582355220568,1
0.23943833540778106,0.7765618561187588,0.3853767251686296,1.721700812265905,1,0.8576725336868153,1
0.5352890157762445,0.7404201608796399,0.34119274202913674,0.5796378656440089,1,0.49700700230588923,0
0.15486178987592653,0.8154684661450592,0.2335081304933339,0.573467573811591,1,0.40441416789591567,1
0.5379515306830557,0.9247318957299031,0.31922460462566327,5.845968836417418,0,0.23042826954527282,0
0.16726396478023045,0.8430288388841001,0.38925778065067396,1.456778619290105,0,0.7289645218088464,1
0.5064572454792284,0.6359761514363027,0.1520701608255165,2.689923781155562,0,0.6875551456604732,0
0.36108044363451997,0.5624732540245139,0.11351658078161934,1.564567970239679,1,0.40748403081930795,1
0.5471859184477201,0.65490561771993,0.28379669278179237,8.97438810847557,0,0.1201547311673835,1
0.17951862589415954,0.7880311722801019,0.3539229709706293,1.400465654601783,1,0.7711978621744087,1
0.3715417137605283,0.5705703253937002,0.3311425673883079,2.1845510492557714,0,0.10913438676325891,0
0.5377210142476396,0.7485464988804945,0.34890682442931725,6.684339299346778,1,0.6629598237032408,1
0.35923913766805954,0.7887371395667557,0.1677916574064665,6.034219612946385,0,0.8762056877808457,0
0.401759455254105,0.6836975563267843,0.3589171080875108,1.117758538071686,1,0.4501290625185628,0
0.4282994755938469,0.8583648814983288,0.010104527685304218,5.368227731746382,0,0.2879787239967622,0
0.3318164259071093,0.5926393012535087,0.22224454898042478,2.338502439447365,0,0.6638968080347054,1
0.4010232320336254,0.5800551126943235,-0.04712066975093922,2.478956592661378,1,0.7537025136124682,1
0.3837257247692401,0.8412755024814413,0.11229291495013514,0.929810170693708,1,0.5371442528622778,0
0.5104632041963956,0.7481965264824794,0.13323076743569895,0.7521069262199701,0,0.873628220204917,0
0.16817855213658314,0.8253609585710944,0.1480863458046277,4.405190304354317,1,0.14133497732636888,1
0.26238527583689214,0.7239309354414984,0.2977336033449311,2.5582832437905503,0,0.5038364786436226,0
0.5301645936306235,0.6485608132956427,0.14427905063517288,2.2226315124233937,1,0.6747631578580401,1
0.5061055135563666,0.8776409270696799,0.17434681131126534,4.422540803945114,1,0.7901123769193432,0
0.3322627011142852,0.8697663515875916,0.06877206543716373,4.851064096902156,1,0.24340448952623206,1
0.3980530391206147,0.8278785883417706,0.13662589581467005,1.0191632922811984,1,0.7400027854109452,0
0.26095247319245307,0.6588580548919851,0.06363481363157573,3.326558038750541,0,0.5421656605748363,1
0.22524846388950454,0.7860922667476349,-0.013402038115778184,0.9363055985836242,1,0.4172429455919706,1
0.3354793619759929,0.6943895587760107,0.25172429669068896,4.675429663482048,1,0.20537202286327486,1
0.2913408912104211,0.5866328293306537,0.28410639927750814,3.709682301847832,1,0.79223660712713,1
0.38346244474034885,0.916925430184897,0.25974517300480726,9.912898357880973,1,0.2258185665437723,0
0.18109385478599394,0.6047274523675846,0.1817470219002862,0.7143527225255968,0,0.3478302873672794,1
0.5397579230664666,0.930094941528321,0.13989289008961492,0.6762410804745124,0,0.3320364255699495,0
0.5444842977918412,0.7284023091831823,0.38166682478591263,1.494638880784592,1,0.7971312273526835,0
